id,predicted
7ae19de7bc2a,140003 16 140706 21 141410 22 142114 22 142818 22 143522 22 144226 22 144930 22 145634 21 146338 21 147042 20 147747 19 148451 19 149155 18 149859 18 150563 17 151268 16 151972 16 152677 14 153381 14 154086 13 154791 10
7ae19de7bc2a,1856 7 2559 9 3263 10 3967 11 4671 12 5375 12 6079 12 6783 12 7487 12 8191 12 8895 12 9599 12 10304 11 11008 10
7ae19de7bc2a,354408 7 355111 9 355814 10 356517 12 357219 14 357922 15 358625 16 359329 15 360033 15 360737 14 361441 14 362145 13 362849 12 363554 10 364258 10 364963 8 365667 7
7ae19de7bc2a,26627 15 27328 19 28030 21 28733 22 29436 23 30139 24 30842 25 31546 25 32250 25 32954 25 33659 23 34363 22 35068 20 35773 17 36478 15
7ae19de7bc2a,179601 4 180304 6 181007 7 181711 7 182414 9 183117 10 183821 11 184525 11 185229 11 185933 12 186637 12 187341 12 188045 12 188749 13 189453 13 190157 13 190862 12 191567 11 192271 11 192976 10 193681 9 194386 8 195092 6
7ae19de7bc2a,178214 5 178917 7 179620 9 180323 10 181026 11 181730 11 182433 12 183137 12 183841 12 184545 12 185249 12 185953 12 186657 12 187361 12 188065 12 188769 12 189473 12 190177 11 190881 10 191585 10 192290 8 192994 7 193699 4
7ae19de7bc2a,317493 6 318194 13 318896 17 319597 20 320298 23 321000 25 321702 27 322404 29 323107 30 323809 32 324511 34 325214 33 325917 31 326621 25 327325 18 328029 11
7ae19de7bc2a,139542 4 140244 7 140948 8 141652 8 142356 9 143060 9 143764 10 144468 10 145172 11 145876 11 146580 12 147284 12 147989 11 148693 11 149397 11 150102 10 150807 9 151511 9 152216 8 152921 7 153627 4
7ae19de7bc2a,149635 8 150337 11 151040 12 151742 15 152445 17 153148 19 153851 20 154555 20 155259 21 155963 21 156667 21 157371 21 158075 21 158779 21 159484 20 160188 20 160893 19 161598 18 162303 17 163009 15 163714 14 164420 12 165126 9
7ae19de7bc2a,979 5 1683 8 2387 10 3092 13 3797 15 4502 16 5206 18 5911 19 6615 20 7320 21 8025 22 8729 23 9434 22 10139 21 10843 21 11548 20 12253 19 12958 18 13662 18 14367 17 15071 17 15776 16 16480 16 17185 15 17889 15 18594 14 19299 13 20003 12 20708 11 21413 10 22118 8 22823 6 23528 4
7ae19de7bc2a,96418 5 97121 7 97825 8 98529 9 99233 9 99937 10 100641 10 101345 11 102049 11 102753 11 103457 12 104161 12 104865 12 105569 12 106274 11 106978 11 107682 11 108386 11 109091 10 109795 10 110500 8 111204 8 111909 7 112613 6 113318 4 114023 2
7ae19de7bc2a,226324 10 227027 12 227731 13 228434 15 229138 15 229842 17 230546 17 231250 18 231954 18 232658 19 233363 18 234068 17 234774 15 235480 13 236185 12 236891 10 237597 8 238303 6
7ae19de7bc2a,255155 8 255859 12 256563 14 257267 17 257971 19 258675 21 259380 21 260085 22 260790 22 261496 21 262201 21 262907 19 263613 16 264319 11
7ae19de7bc2a,144271 20 144975 25 145679 26 146383 27 147087 27 147791 27 148495 26 149200 24 149906 21 150614 13
7ae19de7bc2a,282486 8 283185 14 283887 17 284590 18 285294 18 285998 18 286702 18 287407 17 288112 16 288817 14 289523 7
7ae19de7bc2a,50239 9 50943 11 51647 12 52351 13 53055 14 53759 15 54463 16 55168 16 55872 16 56577 16 57281 16 57986 15 58691 13
7ae19de7bc2a,59398 1 60100 7 60803 9 61506 10 62209 12 62913 12 63617 13 64321 13 65025 14 65729 14 66433 15 67137 15 67841 16 68547 15 69252 15 69958 14 70664 12 71370 10
7ae19de7bc2a,165013 14 165716 17 166418 21 167121 22 167825 23 168529 23 169233 23 169937 23 170642 21 171346 21 172051 20 172756 18 173460 17 174165 15
7ae19de7bc2a,184627 8 185331 9 186035 10 186739 12 187444 12 188148 13 188852 14 189557 15 190261 15 190966 15 191670 15 192374 16 193078 16 193783 15 194487 15 195192 14 195896 14 196601 13 197305 13 198009 13 198714 12 199419 10 200123 10 200828 8 201533 6
7ae19de7bc2a,147411 10 148115 13 148819 15 149523 17 150227 18 150931 20 151635 22 152339 24 153044 25 153750 25 154455 26 155161 26 155867 25 156573 24 157279 22 157988 17 158696 13 159404 9
7ae19de7bc2a,74984 6 75687 8 76391 10 77095 10 77798 12 78502 12 79205 13 79909 13 80613 13 81316 14 82020 14 82723 15 83427 14 84131 13 84834 14 85538 13 86241 13 86945 13 87648 13 88352 12 89056 11 89760 10 90464 9 91168 8 91872 7 92577 5
7ae19de7bc2a,173543 9 174245 11 174948 12 175651 13 176354 14 177058 14 177762 14 178466 14 179170 14 179874 13 180578 12 181283 9
7ae19de7bc2a,320663 4 321367 5 322070 7 322774 8 323477 9 324181 10 324885 10 325589 10 326293 10 326997 10 327701 10 328404 11 329108 11 329812 11 330516 11 331220 10 331924 10 332628 10 333332 9 334037 8 334741 8 335445 7 336150 6 336854 5
7ae19de7bc2a,207960 8 208663 11 209366 13 210070 13 210773 14 211477 14 212181 14 212885 14 213589 13 214293 13 214997 12 215701 11 216405 10
7ae19de7bc2a,177342 17 178041 23 178745 24 179449 24 180153 24 180857 23 181561 23 182265 23 182969 22 183673 22 184377 20 185081 20 185785 18 186489 17 187194 15 187898 14 188602 13 189306 12 190010 11 190715 9 191419 8 192123 7
7ae19de7bc2a,288537 10 289237 18 289940 20 290644 21 291348 21 292052 21 292756 21 293460 21 294166 19 294873 15 295581 9
7ae19de7bc2a,78204 8 78906 11 79609 12 80312 13 81015 15 81718 16 82422 16 83125 17 83829 17 84532 18 85236 18 85940 18 86644 18 87348 18 88052 17 88756 17 89460 16 90164 16 90868 15 91572 14 92277 12 92983 9
7ae19de7bc2a,224279 6 224978 16 225679 20 226381 22 227083 24 227785 26 228489 26 229193 24 229897 22 230601 20 231308 14
7ae19de7bc2a,110117 6 110820 10 111524 12 112227 14 112931 15 113635 17 114339 18 115043 19 115747 20 116451 22 117156 22 117860 23 118565 22 119272 19
7ae19de7bc2a,75824 8 76526 10 77227 11 77928 13 78629 15 79331 16 80033 16 80734 18 81437 19 82140 19 82844 18 83548 18 84252 17 84956 16 85661 15 86365 14 87070 12 87775 11 88480 10 89185 9 89890 7 90596 4
7ae19de7bc2a,115261 6 115964 7 116667 9 117370 10 118074 10 118777 11 119481 12 120184 13 120888 13 121592 13 122296 13 123000 13 123704 12 124408 12 125112 12 125816 12 126520 12 127224 11 127928 11 128633 10 129337 9 130041 9 130746 8 131451 7 132155 6 132860 5 133565 3
7ae19de7bc2a,216470 13 217172 17 217876 19 218580 19 219284 20 219988 20 220692 20 221396 20 222100 20 222805 19 223509 19 224214 18 224919 17 225624 16 226334 10 227039 9 227744 8 228449 7 229153 7
7ae19de7bc2a,342466 3 343168 6 343871 7 344574 8 345277 9 345980 9 346682 11 347385 12 348086 15 348790 14 349493 15 350197 15 350900 15 351603 16 352307 15 353010 15 353714 15 354417 15 355120 15 355824 14 356529 11 357233 10 357937 9 358641 8 359344 8 360048 7 360751 7 361456 5
7ae19de7bc2a,42334 5 43037 7 43740 8 44444 8 45147 10 45851 10 46555 10 47259 11 47963 11 48666 12 49370 12 50074 12 50778 11 51483 9 52187 7
7ae19de7bc2a,106429 6 107132 10 107835 12 108539 13 109243 14 109947 14 110651 14 111355 14 112060 12 112766 9 113473 3
7ae19de7bc2a,232441 6 233145 7 233851 7 234556 7 235261 8 235966 9 236670 10 237375 11 238080 12 238784 14 239488 16 240193 16 240897 17 241602 18 242306 19 243010 20 243716 19 244417 23 245121 2 245124 21 245824 24 246526 21 247231 10 247242 11 247936 21 248642 19 249348 7 249360 6 250067 5 250772 4 251476 4 252181 3 252886 3 253590 4 254294 5 254998 5 255700 7 256402 1 256404 7
7ae19de7bc2a,155597 3 156298 6 156999 9 157701 11 158402 14 159106 13 159810 13 160514 11 161218 10 161922 8 162626 7 163330 6 164034 5 164738 3 165442 2
7ae19de7bc2a,132814 10 133515 15 134219 15 134923 16 135627 16 136331 16 137035 16 137740 15 138445 14 139150 13 139856 11 140561 10 141266 9 141971 8
7ae19de7bc2a,60606 5 61309 7 62012 9 62716 10 63419 12 64122 15 64825 18 65529 21 66233 22 66937 22 67641 22 68346 19 69050 17 69754 16 70458 14 71162 13 71866 12 72571 10 73275 8 73980 5
7ae19de7bc2a,64821 3 65524 5 66227 6 66930 7 67634 7 68337 9 69041 9 69745 9 70449 9 71152 10 71856 10 72560 10 73264 10 73968 9 74672 8 75376 7
7ae19de7bc2a,301627 10 302331 12 303035 13 303739 13 304443 13 305147 13 305851 13 306555 13 307259 13 307964 12 308669 10 309377 2
7ae19de7bc2a,190114 14 190817 15 191522 14 192226 15 192930 15 193635 14 194339 15 195043 16 195748 15 196452 15 197156 15 197860 15 198564 15 199268 14 199972 13 200676 11 201380 10 202085 6
7ae19de7bc2a,68 5 765 14 1463 20 2163 24 2866 25 3570 25 4274 24 4978 23 5682 22 6386 20 7092 17 7799 11
7ae19de7bc2a,97253 20 97956 22 98659 23 99363 23 100067 23 100771 22 101475 22 102179 21 102883 19 103587 17 104291 16 104995 14 105699 11
7ae19de7bc2a,262512 8 263216 10 263920 14 264624 17 265328 20 266033 20 266738 21 267443 21 268149 21 268854 21 269560 19 270265 19 270971 17 271677 15 272384 12
7ae19de7bc2a,115571 6 116274 8 116977 10 117680 11 118384 12 119088 12 119792 12 120496 12 121200 12 121904 12 122608 12 123312 12 124016 11 124721 9
7ae19de7bc2a,61424 2 62127 5 62830 6 63533 8 64237 9 64940 10 65644 11 66348 11 67052 11 67756 11 68460 11 69164 11 69868 11 70572 11 71276 11 71980 11 72684 11 73389 10 74093 10 74798 8 75503 7 76207 6
7ae19de7bc2a,198400 3 199103 6 199806 8 200509 10 201212 11 201915 14 202618 16 203321 18 204024 19 204727 20 205430 21 206134 21 206838 20 207542 20 208246 20 208950 20 209654 20 210359 19 211064 18 211768 17 212473 16 213178 15 213883 14 214589 12 215294 11
7ae19de7bc2a,331408 2 332111 4 332816 3 333520 4 334223 5 334927 6 335631 6 336335 7 337039 8 337743 8 338446 10 339150 10 339854 11 340558 12 341262 12 341966 13 342669 15 343373 16 344077 17 344781 18 345485 20 346189 21 346893 22 347597 22 348301 22 349005 22 349709 21 350414 20 351118 20 351822 20 352526 20 353230 20 353935 19 354639 19 355344 19 356048 19 356753 18 357457 18 358162 17 358866 17 359571 15 360276 14 360980 14 361685 13 362390 12 363095 11 363801 9 364505 9 365211 7
7ae19de7bc2a,293184 5 293886 10 294589 13 295293 14 295997 14 296701 15 297405 15 298109 16 298813 16 299517 16 300221 16 300926 14 301637 2
7ae19de7bc2a,1225 11 1928 13 2631 14 3335 15 4039 15 4743 16 5448 15 6152 15 6857 15 7562 14 8267 13 8972 13 9676 13 10381 13 11087 11 11792 10 12497 9 13202 8 13907 7
7ae19de7bc2a,324081 10 324784 12 325487 14 326191 15 326895 16 327600 16 328304 16 329009 16 329714 16 330419 16 331124 16 331829 15 332535 13 333240 12 333947 9
7ae19de7bc2a,1274 17 1977 19 2681 19 3384 20 4088 20 4792 19 5495 20 6199 20 6903 19 7607 17 8312 15 9016 14 9722 10
7ae19de7bc2a,279261 14 279964 18 280668 20 281372 22 282077 22 282781 23 283487 22 284192 23 284897 23 285603 22 286310 21 287017 19 287724 17 288430 16 289137 14 289842 13 290548 11 291254 9 291960 7
7ae19de7bc2a,110542 7 111244 9 111946 10 112649 10 113351 12 114054 12 114756 13 115459 13 116162 14 116866 14 117570 14 118274 15 118978 15 119682 16 120386 17 121090 18 121794 18 122498 18 123202 18 123907 16
7ae19de7bc2a,201196 5 201898 8 202601 10 203303 12 204005 14 204708 16 205412 16 206116 16 206820 16 207525 15 208229 15 208934 12
7ae19de7bc2a,222134 5 222836 8 223540 10 224243 12 224947 13 225651 14 226355 15 227059 16 227763 17 228468 17 229172 17 229876 18 230580 19 231284 19 231988 19 232692 19 233396 18 234101 15 234806 9 235511 5
7ae19de7bc2a,2666 8 3366 16 4067 20 4769 22 5472 23 6177 22 6882 21 7587 20 8293 18 8999 12
7ae19de7bc2a,130495 11 131199 11 131903 10 132607 10 133311 10 134015 9 134719 9 135423 9 136127 9 136831 9 137535 9 138239 9 138943 9 139647 9 140351 10 141055 10 141759 10 142463 11 143167 11 143871 11 144575 11 145279 12 145984 11 146688 11 147392 12 148097 11 148801 11 149505 12 150209 12 150914 12 151618 12 152322 13 153026 13 153731 12 154436 11 155141 10 155846 9 156551 8 157258 2
7ae19de7bc2a,257811 9 258513 13 259217 14 259921 15 260625 16 261329 17 262033 18 262737 18 263441 19 264146 18 264851 18 265555 18 266260 17 266964 17 267669 16 268373 16 269077 15 269782 13 270487 11 271191 9 271897 5
7ae19de7bc2a,46902 11 47604 13 48306 15 49008 17 49710 18 50413 19 51116 19 51820 18 52524 17 53228 16 53933 14 54637 14 55343 11
7ae19de7bc2a,14763 10 15465 12 16168 13 16871 14 17574 15 18276 17 18978 18 19682 17 20385 16 21088 15 21790 16 22493 15 23196 15 23899 15 24602 15 25305 15 26009 14 26713 12 27417 11 28121 10 28827 7
7ae19de7bc2a,135 24 839 24 1545 22 2250 21 2955 19 3661 12
7ae19de7bc2a,125432 9 126134 12 126837 14 127540 16 128244 17 128948 18 129652 19 130356 20 131061 19 131766 18 132471 17 133177 15 133883 13
7ae19de7bc2a,114450 9 115153 12 115856 14 116560 15 117264 16 117968 16 118672 16 119376 17 120080 17 120784 17 121488 17 122192 17 122896 16 123600 16 124304 15 125009 12 125714 10
d48ec7815252,64877 7 65580 9 66283 10 66986 12 67690 11 68393 12 69097 12 69800 13 70504 12 71207 12 71910 13 72613 13 73316 14 74019 15 74722 16 75426 15 76129 16 76832 17 77535 18 78239 18 78942 19 79645 20 80349 20 81052 20 81755 21 82459 21 83162 22 83866 21 84569 22 85273 22 85976 23 86680 23 87384 22 88087 23 88791 23 89494 25 90198 25 90902 25 91605 26 92309 26 93013 26 93716 28 94420 28 95123 30 95827 30 96531 31 97234 32 97938 33 98641 34 99344 36 100048 36 100751 37 101454 38 102158 38 102862 36 103565 36 104269 35 104973 33 105677 32 106381 31 107085 30 107789 29 108493 28 109197 28 109902 26 110607 24 111311 24 112015 23 112720 22 113424 21 114128 20 114832 20 115536 20 116241 18 116945 18 117649 17 118354 16 119058 16 119763 14 120469 10
d48ec7815252,150331 1 151030 14 151733 19 152437 22 152469 3 153139 27 153172 4 153841 39 154543 42 155220 1 155243 45 155923 12 155936 3 155941 51 156627 69 157330 70 158034 69 158739 67 159443 65 160148 63 160853 61 161560 56 162266 53 162972 50 163679 46 164385 43 165092 39 165798 36 166506 32 167214 27 167920 25 168625 23 169331 20 170036 19 170742 17 171447 15 172151 15 172856 13 173560 13 174265 12 174970 11 175674 11 176378 11 177083 10 177787 10 178492 9 179196 9 179900 9 180605 8 181309 8 182013 8 182718 7 183422 8 184127 7 184831 7 185535 7 186240 7 186944 7 187649 6 188353 6 189057 6 189762 6 190466 6 191171 5 191875 6 192579 6 193284 5 193988 5 194692 5 195397 4 196101 5 196805 5 197510 4 198216 1 198920 1
d48ec7815252,2468 3 3170 6 3873 7 4576 8 5280 9 5984 9 6687 10 7391 10 8095 10 8799 10 9502 11 10206 11 10910 11 11614 11 12317 12 13021 12 13724 12 14428 12 15131 13 15835 12 16539 12 17242 13 17946 12 18650 12 19354 12 20057 12 20761 12 21465 12 22169 11 22872 12 23576 12 24279 13 24983 13 25687 13 26390 13 27093 14 27797 14 28500 15 29203 15 29906 16 30609 17 31313 17 32016 17 32719 18 33423 18 34125 20 34828 20 35531 21 36235 21 36938 21 37641 22 38344 22 39048 22 39751 22 40454 23 41158 22 41862 22 42565 22 43269 21 43972 21 44676 21 45380 20 46084 18 46788 17 47492 16 48196 15 48900 14 49604 13 50309 11 51013 10 51718 9 52422 8 53127 6 53831 5 54537 1
d48ec7815252,6669 4 7373 4 8077 3 8781 3 9484 3 10186 4 10890 4 11594 3 12297 4 13001 3 13704 4 14407 5 15110 6 15813 7 16517 6 17221 6 17924 6 18628 6 19331 7 20034 7 20738 7 21441 8 22144 9 22848 8 23551 9 24255 8 24959 8 25662 9 26366 8 27069 9 27773 9 28477 8 29180 9 29884 8 30588 8 31291 9 31995 9 32699 8 33403 8 34106 8 34810 8 35514 8 36217 8 36921 8 37624 8 38328 7 39031 7 39735 7 40438 8 41142 8 41846 7 42549 8 43252 9 43956 9 44659 10 45362 11 46065 11 46768 12 47471 12 48174 13 48877 14 49580 14 50283 14 50986 13 51689 13 52392 13 53094 13 53796 14 54499 13 55202 13 55905 12 56607 13 57308 13 58010 14 58714 12 59416 12 60119 12 60822 11 61524 11 62227 11 62931 8 63635 7 64339 5
d48ec7815252,58399 1 59100 6 59803 8 60506 9 61209 12 61913 12 62617 13 63320 14 64024 15 64728 15 65432 16 66136 17 66840 17 67544 18 68248 18 68952 19 69656 20 70360 21 71064 21 71768 22 72472 23 73177 23 73881 26 74585 27 75289 28 75993 30 76697 32 77401 33 78105 35 78809 36 79513 36 80218 35 80922 35 81626 35 82330 25 83034 23 83738 21 84442 20 85146 19 85850 18 86554 17 87259 15 87963 14 88667 13 89371 12 90075 11 90779 11 91482 11 92187 9 92891 9 93595 8 94299 8 95004 6 95708 5
d48ec7815252,269591 3 270293 6 270996 7 271699 8 272403 8 273106 8 273809 9 274512 8 275215 8 275918 8 276621 8 277324 8 278027 8 278730 8 279396 4 279433 8 280099 7 280137 8 280803 8 280840 8 281507 9 281543 8 282212 10 282245 10 282917 11 282948 10 283623 10 283651 11 284329 9 284354 11 285034 9 285057 12 285739 10 285759 13 286444 10 286461 15 287149 11 287161 19 287855 29 288561 27 289266 26 289971 24 290676 23 291381 22 292085 22 292789 22 293493 21 294197 21 294900 22 295604 21 296307 22 297010 23 297713 24 298416 24 299118 26 299821 3 299829 19 300524 4 300534 18 301227 4 301238 18 301929 5 301942 18 302633 4 302646 19 303337 3 303350 6 303362 7 304054 4 304068 6 304758 1 304773 6 305478 5 306183 5 306887 5 307592 4 308297 2
d48ec7815252,214579 4 215282 6 215984 9 216687 12 217389 24 218092 31 218794 34 219497 35 220200 35 220903 35 221606 35 222309 35 223013 33 223716 33 224419 32 225123 30 225827 28 226531 25 227236 5 227245 14 227950 12 228654 11 229358 10 230062 9 230766 9 231470 8 232174 8 232878 7 233582 7 234286 7 234990 7 235695 6 236399 5 237104 3
d48ec7815252,81527 3 82229 8 82933 9 83636 11 84338 14 85040 17 85743 20 86447 22 87151 24 87856 25 88564 24 89273 22 89978 26 90684 27 91389 28 92094 29 92799 29 93505 28 94210 26 94915 25 95620 22 96325 20 97030 18 97735 16 98440 14 99144 13 99850 11 100554 10 101259 7 101965 3
d48ec7815252,274034 2 274738 4 275441 6 276146 5 276850 6 277554 6 278258 7 278963 7 279667 7 280371 8 281076 7 281780 8 282484 9 283189 8 283894 8 284599 8 285303 8 286007 8 286712 8 287416 9 288121 8 288825 9 289530 9 290234 9 290939 9 291643 9 292347 10 293052 10 293756 10 294460 11 295164 12 295869 12 296573 12 297277 13 297982 13 298686 14 299390 15 300094 16 300799 16 301503 17 302207 18 302912 17 303616 18 304321 18 305025 18 305730 18 306435 17 307140 17 307845 16 308550 15 309255 15 309960 14 310665 13 311369 14 312074 13 312779 12 313484 12 314188 12 314893 11 315598 10 316302 11 317007 10 317711 11 318416 10 319121 9 319825 10 320530 9 321234 10 321939 9 322644 9 323348 9 324053 9 324757 9 325462 9 326166 10 326871 9 327576 9 328280 9 328985 9 329690 8 330395 8 331100 7 331804 8 332509 7 333214 6 333918 6 334624 2
d48ec7815252,198747 6 199449 10 200150 15 200851 19 201552 24 202251 31 202953 34 203655 37 204358 39 205061 40 205766 40 206470 41 207174 41 207878 41 208582 41 209286 41 209990 40 210693 38 211397 31 212100 27 212803 24 213506 22 214209 20 214911 20 215615 18 216318 18 217022 17 217728 13 218437 6
d48ec7815252,84012 2 84714 6 85417 8 86120 10 86823 12 87526 15 87574 2 88228 19 88277 3 88930 23 88981 3 89634 24 89684 4 90338 26 90388 4 91042 27 91091 5 91745 29 91794 5 92450 30 92496 7 93154 32 93199 8 93858 53 94562 53 95266 53 95970 53 96674 53 97378 53 98083 51 98787 51 99492 49 100197 48 100902 46 101607 45 102312 44 103017 43 103721 42 104426 42 105130 43 105835 33 105869 2 105872 4 106539 31 106577 3 107243 30 107281 4 107948 28 107985 4 108652 23 108677 2 108690 1 109357 22 109381 2 110061 22 110085 2 110766 20 111470 19 112174 19 112878 18 113582 17 114287 15 114991 14 115696 11 116401 7 117107 2
d48ec7815252,321017 1 321718 8 322421 10 323124 12 323828 13 324532 13 325235 14 325938 15 326641 16 327345 16 328048 17 328752 17 329455 18 330159 18 330863 18 331567 18 332272 17 332976 17 333680 16 334385 14 335091 10
d48ec7815252,5707 8 6409 12 7112 14 7815 15 8518 16 9222 16 9926 16 10630 16 11334 16 12038 16 12742 16 13446 16 14151 14 14855 14 15561 11
d48ec7815252,29028 9 29731 11 30435 12 31139 12 31843 12 32547 12 33251 12 33955 12 34659 12 35363 12 36067 12 36771 12 37476 11 38181 10 38887 7
d48ec7815252,169069 5 169772 8 170476 10 171180 12 171884 13 172588 14 173292 16 173996 16 174700 17 175404 18 176108 20 176813 22 177517 24 178221 26 178926 28 179631 30 180335 32 181040 32 181744 34 182449 34 183154 34 183858 36 184563 36 185268 35 185973 35 186679 34 187385 34 188090 34 188797 32 189504 31 190212 28 190918 28 191626 26 192333 24 193040 25 193747 24 194456 21 195164 18 195872 18 196579 18 197287 16 197993 18 198700 18 199406 21 200113 22 200819 26 201526 26 202233 18 202940 13 203646 9 204353 5 205059 2 205765 1
d48ec7815252,2824 6 3527 10 4231 11 4935 13 5639 15 6343 25 7048 32 7754 33 8461 32 9170 30 9876 33 10584 32 11293 29 12002 28 12709 27 13417 29 14125 26 14832 23 15539 22 16247 28 16954 26 17660 26 18367 26 19074 25 19780 26 20488 25 21195 25 21901 24 22608 24 23315 24 24022 24 24729 23 25436 23 26143 21 26849 21 27556 21 28262 22 28968 22 29675 21 30380 21 31086 20 31791 21 32496 22 33202 21 33908 20 34614 19 35319 19 36025 18 36730 18 37435 19 38141 18 38847 18 39553 17 40258 17 40964 17 41670 16 42375 18 43081 16 43787 15 44493 14 45198 14 45903 15 46609 15 47314 16 48019 17 48724 18 49429 18 50134 19 50840 19 51546 19 52252 18 52958 18 53663 18 54368 18 55073 18 55779 17 56484 17 57191 15 57896 15 58601 14 59307 12 60013 10 60718 8 61424 5
d48ec7815252,334502 7 335203 14 335905 17 336608 19 337311 21 338014 23 338718 24 339422 25 340125 26 340829 28 341533 29 342237 30 342941 31 343646 30 344350 31 345054 32 345758 33 346462 34 347166 36 347871 36 348576 36 349280 37 349984 38 350689 39 351393 40 352097 42 352800 44 353504 45 354207 47 354909 50 355612 53 356315 54 357016 14 357032 42 357719 10 357741 37 358421 9 358449 33 359124 7 359154 31 359827 3 359860 27 360566 24 361271 21 361978 16 362683 12
d48ec7815252,325 17 1029 17 1733 17 2437 17 3142 16 3847 14 4551 14 5257 10 5963 6
d48ec7815252,58615 7 59319 10 60023 13 60726 16 61429 20 62132 23 62836 25 63540 26 64245 25 64949 26 65654 25 66359 24 67064 23 67769 22 68474 20 69180 17
d48ec7815252,84407 8 85105 18 85807 22 86510 25 87212 29 87914 32 88616 35 89317 39 90019 42 90721 46 91423 49 92125 51 92828 52 93533 36 93576 7 94236 32 94940 28 95642 27 96345 26 97048 25 97751 24 98454 22 99157 20 99861 16 100564 15 101266 15 101968 14 102672 12 103376 9 104082 5
d48ec7815252,263424 6 264126 9 264830 9 265534 9 266238 9 266942 9 267647 8 268351 9 269055 9 269759 9 270463 9 271167 9 271871 9 272575 9 273279 9 273983 9 274687 9 275391 9 276095 9 276799 9 277503 9 278207 9 278911 9 279615 9 280319 9 281023 9 281728 8 282432 8 283136 8 283840 8 284544 8 285248 8 285952 8 286656 8 287360 8 288064 8 288768 8 289472 8 290176 9 290880 9 291584 9 292288 9 292992 9 293696 9 294400 9 295104 9 295808 9 296512 10 297216 10 297920 10 298624 10 299328 11 300032 11 300736 11 301440 11 302144 12 302848 12 303552 12 304256 13 304960 13 305664 14 306368 14 307071 16 307775 16 308479 17 309183 18 309886 20 310590 21 311294 22 311997 24 312701 25 313404 26 314108 26 314811 26 315515 26 316218 27 316922 26 317625 25 318328 25 319032 24 319735 24 320434 1 320439 23 321134 6 321142 23 321835 34 322540 32 323244 32 323948 32 324652 31 325356 31 326060 31 326764 31 327468 31 328172 31 328876 31 329580 31 330284 31 330988 30 331693 29 332398 28 333103 27 333807 27 334512 26 335217 25 335922 23 336627 22 337332 21 338037 19 338742 18 339447 16 340151 15 340857 13 341563 10 342269 7 342974 5
d48ec7815252,264376 6 265078 10 265781 13 266485 13 267188 14 267892 14 268595 15 269299 15 270003 15 270707 15 271411 15 272115 15 272819 15 273523 15 274227 15 274932 13 275638 11
d48ec7815252,132365 6 133069 6 133773 7 134477 7 135181 7 135885 8 136589 8 137293 8 137997 9 138701 9 139405 9 140109 10 140813 10 141517 10 142221 11 142925 11 143629 11 144333 11 145037 12 145741 12 146445 13 147149 13 147854 12 148558 13 149262 13 149966 14 150670 14 151375 13 152079 14 152783 14 153487 15 154191 15 154895 16 155600 15 156304 15 157008 16 157712 16 158416 17 159120 17 159825 17 160529 17 161233 18 161937 18 162641 19 163345 19 164049 19 164754 19 165458 19 166162 19 166867 19 167571 19 168275 19 168980 19 169684 19 170389 18 171093 19 171798 18 172502 18 173206 19 173911 18 174615 18 175320 18 176024 18 176728 18 177433 18 178138 17 178842 17 179547 17 180251 17 180956 16 181662 14 182367 14 183072 13 183776 14 184481 13 185186 13 185891 12 186595 12 187300 11 188004 12 188709 11 189414 10 190118 10 190822 10 191527 9 192231 10 192936 9 193641 9 194345 9 195050 8 195755 8 196459 8 197164 7 197868 8 198572 8 199277 7 199981 7 200686 7 201390 7 202094 8 202799 7 203503 7 204208 7 204912 7 205616 8 206320 8 207025 7 207730 7 208434 7 209138 8 209843 7 210548 7 211252 8 211956 8 212661 8 213365 8 214070 8 214774 8 215479 8 216183 9 216888 8 217592 9 218297 8 219001 9 219706 8 220410 9 221115 8 221820 8 222525 8 223229 9 223934 8 224638 9 225343 8 226048 8 226752 8 227457 7 228161 7 228866 6 229572 4 230277 2
d48ec7815252,226965 2 227663 8 228364 11 229067 10 229769 11 230470 12 231171 15 231874 14 232576 15 233279 15 233981 15 234683 16 235384 17 236086 18 236788 18 237489 19 238190 21 238891 23 239592 24 240247 22 240288 31 240937 85 241638 87 242342 86 243046 86 243750 85 244455 83 245161 80 245867 77 246577 70 247285 65 247993 59 248701 54 249409 49 250118 42 250825 38 251532 34 252240 28 252947 24 253653 21 254360 18 255066 15 255771 13 256478 7
d48ec7815252,333696 1 334399 2 335101 4 335799 10 336503 10 337206 11 337910 11 338614 11 339318 11 340022 11 340726 11 341430 11 342134 11 342838 11 343542 11 344246 11 344950 11 345654 11 346358 11 347062 11 347767 10 348471 10 349176 8
d48ec7815252,141468 8 142169 14 142871 17 143574 19 144277 20 144979 23 145682 25 146385 26 147088 27 147789 30 148495 28 149199 28 149903 27 150606 24 151309 22 152012 21 152714 21 153415 24 154114 28 154816 30 155520 29 156224 28 156928 27 157632 27 158336 26 159041 23 159748 20 160454 17 161159 15 161864 14 162569 12 163273 12 163978 10 164682 9 165388 3
d48ec7815252,49232 5 49935 5 49941 1 50638 6 50645 2 51342 9 52045 10 52749 10 53452 11 54156 11 54859 12 55563 12 56267 12 56971 12 57675 12 58379 12 59083 12 59787 12 60491 12 61196 10 61900 9 62605 6
d48ec7815252,133583 9 133605 1 134286 26 134990 27 135694 28 136398 29 137105 26 137810 25 138515 24 139220 24 139924 24 140628 24 141333 24 142037 25 142741 25 143445 26 144149 29 144854 28 145558 29 146264 27 146970 26 147675 25 148379 26 149084 25 149789 25 150493 25 151198 25 151902 25 152607 25 153311 25 154016 25 154720 25 155425 25 156129 25 156833 26 157538 25 158242 26 158946 26 159651 24 160355 23 161059 23 161764 21 162468 21 163173 20 163877 19 164582 18 165286 18 165991 17 166696 15 167400 15 168105 14 168810 13 169514 12 170219 10 170924 8 171628 8 172333 6 173037 5 173741 5 174446 3
d48ec7815252,2051 3 2753 8 3457 8 4161 8 4865 8 5569 8 6273 7 6977 7 7680 8 8384 8 9088 8 9792 7 10496 7 11200 7 11904 7 12608 7 13311 8 14015 8 14719 8 15423 9 16127 9 16831 9 17536 9 18240 9 18944 10 19648 10 20352 11 21056 11 21760 11 22463 12 23167 13 23871 13 24574 15 25278 15 25981 17 26676 4 26683 19 27381 26 28085 26 28790 26 29496 24 30201 24 30906 23 31611 23 32316 23 33020 24 33725 24 34429 25 35134 25 35838 27 36543 28 37249 30 37955 31 38662 33 39371 34 40083 29 40792 26 41501 22 42210 11
d48ec7815252,165386 2 165391 1 166090 5 166793 5 167497 5 168201 5 168904 5 169606 6 170310 5 171013 6 171715 7 172419 6 173122 7 173825 7 174528 8 175232 7 175935 7 176639 6 177342 7 178045 7 178748 7 179451 7 180155 6 180858 7 181561 7 182265 6 182968 6 183670 8 184373 8 185077 7 185780 7 186483 8 187186 8 187889 8 188592 8 189295 9 189999 8 190702 8 191405 8 192108 9 192812 8 193515 8 194218 8 194922 7 195625 8 196328 8 197031 8 197735 7 198438 8 199141 8 199844 8 200548 7 201251 8 201954 9 202657 9 203360 10 204063 10 204766 10 205469 10 206173 10 206875 12 207578 12 208281 12 208983 14 209686 14 210389 15 211092 16 211794 18 212497 19 213200 19 213903 19 214605 20 215308 20 216011 20 216714 19 217417 18 218123 13 218828 11 219532 9 220235 9 220938 9 221641 8 222344 8 223046 9 223749 9 224452 9
d48ec7815252,247250 1 247253 2 247953 8 248656 10 249359 12 250063 12 250766 14 251469 15 252173 15 252877 16 253581 16 254285 17 254989 17 255693 18 256397 18 257102 17 257806 18 258511 17 259215 18 259919 19 260624 18 261328 19 262033 18 262737 19 263442 19 264147 19 264851 20 265556 20 266260 20 266965 20 267669 21 268374 20 269079 20 269783 20 270488 20 271192 20 271897 20 272602 20 273307 20 274012 20 274716 20 275421 20 276126 20 276831 19 277536 18 278241 17 278946 17 279651 16 280355 16 281060 16 281765 15 282470 14 283175 14 283880 14 284584 15 285289 14 285994 13 286699 13 287403 13 288108 13 288812 13 289517 13 290222 12 290926 13 291631 12 292335 12 293040 12 293744 12 294449 11 295154 10 295858 11 296563 10 297267 10 297971 11 298676 10 299380 10 300084 10 300788 11 301493 10 302197 10 302902 9 303606 9 304311 7 305015 7 305720 5 306424 4
d48ec7815252,154782 32 155472 47 156168 55 156859 68 157563 67 158268 66 158972 63 159675 60 160378 57 161082 53 161785 51 162489 49 163193 46 163896 45 164600 41 165304 37 166008 33 166711 29 167415 24 168119 19 168823 15 169526 13 170230 11 170939 2
d48ec7815252,53013 7 53717 8 54421 15 55124 21 55828 27 56531 29 57234 32 57937 33 58641 35 59344 37 60047 38 60750 39 61453 39 62157 38 62861 36 63566 33 64270 32 64975 30 65679 29 66383 28 67087 28 67791 28 68494 29 69198 28 69903 28 70607 27 71312 26 72016 25 72721 22 73425 22 74130 21 74834 19 75539 15 76243 13 76948 8 77652 5
d48ec7815252,252432 6 253134 12 253836 16 254539 17 255242 19 255945 20 256649 20 257353 20 258056 21 258760 21 259463 22 260167 22 260871 22 261574 23 262278 23 262982 24 263686 24 264389 26 265093 26 265797 26 266500 27 267204 27 267908 27 268612 27 269315 27 270019 26 270723 25 271426 25 272130 24 272834 24 273538 23 274242 22 274945 22 275649 21 276350 24 277054 23 277757 23 278460 23 279164 23 279867 23 280571 22 281274 23 281976 24 282679 25 283381 27 284084 27 284788 27 285492 26 286196 26 286900 25 287604 25 288308 24 289015 20 289724 15 290430 11 291136 7
d8bfd1dafdc4,122850 10 123535 3 123541 5 123547 20 124236 39 124940 42 125643 45 126347 48 127051 50 127755 51 128459 52 129163 53 129867 54 130571 55 131275 56 131979 57 132683 58 133387 59 134091 60 134796 59 135500 60 136204 60 136909 60 137615 59 138320 59 139025 59 139730 59 140435 59 141142 56 141847 56 142554 54 143260 53 143966 52 144672 50 145378 50 146083 50 146788 50 147493 50 148198 50 148903 50 149608 50 150313 50 151018 15 151035 33 151725 8 151743 30 152430 5 152451 26 153156 27 153861 27 154567 26 155272 26 155977 26 156682 26 157387 25 158092 25 158798 24 159503 24 160207 25 160913 23 161619 23 162324 23 163030 22 163735 22 164441 20 165147 18 165853 16 166558 14 167267 6
d8bfd1dafdc4,1056 11 1757 17 2461 18 3165 20 3870 22 4575 23 5279 26 5984 28 6690 30 7395 32 8099 35 8804 37 9509 40 10214 42 10918 43 11623 44 12327 46 13032 46 13736 48 14441 49 15145 49 15850 49 16554 51 17259 52 17964 52 18670 51 19375 51 20081 51 20787 50 21497 45 22205 43 22930 23 23639 20 24347 18 25054 17 25762 15 26468 15 27175 14 27881 14 28588 14 29294 14 30000 16 30706 17 31414 16 32120 18 32826 20 33532 21 34239 22 34946 22 35653 21 36360 19 37067 16 37776 11 38484 5
d8bfd1dafdc4,1526 11 2230 11 2934 12 3638 12 4342 13 5046 13 5751 13 6455 14 7159 14 7863 15 8567 16 9271 16 9975 17 10680 17 11384 17 12088 18 12792 18 13496 19 14201 18 14905 19 15609 19 16313 19 17017 20 17721 20 18425 20 19129 20 19834 20 20538 20 21242 20 21946 20 22650 20 23354 21 24058 21 24762 21 25466 22 26170 22 26875 21 27579 22 28283 22 28987 22 29692 22 30396 22 31100 23 31804 23 32509 23 33212 24 33916 24 34621 23 35325 24 36029 24 36733 24 37437 24 38142 22 38846 22 39550 22 40255 21 40959 21 41663 20 42368 19 43072 19 43776 19 44481 17 45186 16 45891 14 46595 14 47299 14 48003 13 48708 12 49412 11 50118 8
d8bfd1dafdc4,68987 1 69691 2 70392 5 71095 6 71798 7 72501 7 73205 7 73908 7 74612 7 75315 7 76019 6 76722 7 77426 7 78129 7 78833 7 79537 6 80241 6 80944 7 81648 6 82351 7 83055 7 83758 7 84462 7 85166 7 85870 7 86573 7 87277 7 87981 7 88684 8 89388 7 90092 7 90796 7 91499 8 92203 7 92906 8 93610 8 94314 8 95017 8 95721 8 96425 8 97128 8 97832 8 98536 8 99240 8 99944 7 100647 8 101351 8 102055 8 102758 8 103462 8 104166 8 104870 8 105574 8 106277 9 106981 10 107685 10 108389 10 109092 11 109796 12 110500 13 111204 14 111907 16 112610 17 113314 20 114017 22 114041 1 114720 27 115424 27 115453 1 116127 31 116830 32 117533 26 118236 20 118940 17 119643 16 120345 17 121047 17 121750 16 122454 15 123157 14 123860 12 124563 12 125266 12 125967 14 126669 14 127373 13 128076 12 128779 12 129482 13 130186 11 130889 11 131593 9 132296 9 133000 7 133704 6 134408 5 135112 5 135816 4 136521 2
d8bfd1dafdc4,227821 7 228524 10 229228 10 229931 12 230634 13 231338 14 232040 17 232743 19 233446 21 234149 22 234852 24 235555 25 236257 27 236959 29 237663 28 238366 28 239068 29 239771 29 240474 29 241177 28 241879 28 242582 28 243285 27 243988 27 244692 24 245394 24 246097 22 246800 20 247503 18 248206 18 248909 15 249612 15 250316 14 251019 13 251722 12 252425 11 253129 10 253832 10 254535 10 255239 9 255943 9 256646 9 257350 9 258053 9 258756 9 259460 8 260164 8 260868 8 261572 8 262276 8 262980 7 263683 8 264387 8 265091 8 265795 8 266499 8 267203 8 267907 7 268611 7 269315 7 270019 7 270723 6 271427 6 272131 5 272834 6 273538 6 274242 5 274946 5 275650 5 276354 4 277058 4 277762 4 278466 4 279170 4 279874 4 280578 4 281282 4 281986 4 282689 5 283393 4 284097 4 284801 4 285505 4 286208 4 286912 4 287616 4 288320 3 289023 4 289727 4 290431 4 291135 4 291839 4 292544 1 293248 1
d8bfd1dafdc4,228488 7 229191 8 229895 8 230599 8 231302 9 232006 9 232709 10 233413 10 234116 11 234820 11 235523 12 236227 12 236930 13 237634 13 238337 14 239041 14 239744 15 240448 14 241151 15 241855 14 242558 15 243262 14 243965 14 244668 14 245372 14 246075 14 246779 14 247482 14 248185 15 248888 16 249591 16 250294 17 250998 17 251701 17 252404 18 253107 18 253810 19 254513 20 255216 21 255919 22 256622 22 257325 23 258029 23 258732 23 259435 24 260139 23 260842 23 261546 22 262249 23 262953 22 263657 22 264360 22 265064 21 265768 20 266471 21 267175 20 267878 20 268582 19 269286 19 269989 19 270692 19 271396 18 272100 17 272803 17 273506 17 274210 16 274913 17 275617 16 276320 15 277024 14 277727 15 278431 14 279134 14 279838 13 280541 13 281245 12 281948 12 282652 11 283355 11 284059 10 284762 10 285466 10 286169 10 286873 9 287576 9 288279 10 288983 9 289687 8 290390 8 291094 8 291798 7 292501 8 293204 8 293908 7 294612 6 295317 4 296021 4 296726 2
d8bfd1dafdc4,3526 1 4230 2 4934 3 5637 4 6341 5 7045 5 7749 5 8453 6 9158 5 9862 5 10566 6 11270 6 11975 6 12680 5 13385 5 14090 5 14794 5 15499 5 16203 5 16908 4 17612 5 18317 5 19021 6 19725 7 20430 7 21134 7 21839 7 22543 7 23248 7 23952 7 24656 8 25360 9 26064 11 26769 10 27473 11 28177 11 28882 11 29586 12 30291 12 30996 12 31700 13 32405 13 33110 13 33814 14 34519 14 35223 16 35928 16 36632 18 37337 18 38041 20 38746 22 39450 25 40155 27 40859 41 41564 45 42268 49 42973 51 43677 53 44382 52 45086 52 45791 52 46495 51 47200 49 47905 43 47950 2 48610 37 49314 36 50019 34 50724 32 51429 30 52134 28 52839 26 53544 24 54249 22 54954 19 55659 15 56364 12 57069 8 57774 4
d8bfd1dafdc4,163244 2 163947 6 164650 8 165353 10 166056 11 166759 13 167462 14 168166 15 168869 17 169573 17 170276 16 170980 14 171683 13 172386 13 173089 13 173792 13 174495 12 175198 13 175901 13 176604 14 177308 13 178011 13 178714 12 179417 12 180120 12 180823 12 181527 11 182230 11 182933 11 183636 11 184339 11 185042 11 185745 11 186448 11 187151 11 187854 10 188557 10 189260 10 189964 10 190667 10 191370 10 192073 10 192777 9 193480 9 194183 9 194885 10 195588 10 196291 10 196995 10 197698 10 198401 10 199104 10 199807 11 200510 10 201213 10 201916 10 202619 11 203322 11 204025 10 204728 11 205432 10 206135 10 206838 10 207541 10 208244 10 208947 10 209651 9 210354 9 211056 10 211759 10 212462 10 213165 10 213868 11 214571 11 215274 11 215977 11 216681 10 217383 10 218086 10 218789 10 219492 10 220195 10 220898 9 221601 9 222304 9 223007 8 223710 8 224412 9 225115 9 225818 9 226522 9 227225 8 227927 8 228630 8 229334 7 230037 7 230739 8 231441 9 232142 11 232845 11 233549 10 234252 9 234956 8 235659 9 236363 7 237067 6 237771 5 238473 6 239177 2
d8bfd1dafdc4,329685 6 330386 11 331089 13 331793 13 332496 15 333200 15 333903 16 334607 16 335311 16 336015 16 336719 16 337423 15 338128 13 338833 10 339538 8
d8bfd1dafdc4,225712 2 226414 5 227117 7 227828 1 234171 1 234876 1 235580 1 236284 2 236988 1 237691 2 238394 2 239097 2 239800 1 240503 1 241205 1 241907 2 242610 1 243312 1 244691 1 244716 1 245418 1 246119 1 246820 1 247502 1 247521 1 250315 1 251018 1 251721 1 253128 1 253831 1 255238 1 255942 1
d8bfd1dafdc4,178337 2 179040 4 179743 5 180447 6 181150 7 181854 8 182558 8 183262 8 183966 9 184669 10 185373 10 186077 10 186781 11 187485 11 188189 12 188893 12 189597 12 190301 13 191004 14 191708 14 192411 16 193115 16 193819 17 194523 17 195226 19 195930 19 196634 19 197337 21 198041 22 198744 23 199448 24 200152 24 200855 26 201559 27 202262 28 202966 29 203670 30 204374 30 205077 32 205781 33 206484 35 207188 36 207891 37 208594 39 209298 39 210001 40 210704 41 211407 40 212111 36 212814 34 213518 32 214221 17 214925 15 215629 12 216334 7
d8bfd1dafdc4,338739 1 339442 4 340146 5 340850 7 341555 8 342259 9 342964 10 343669 10 344374 11 345078 12 345783 13 346487 15 347192 15 347896 16 348601 17 349305 20 350010 21 350714 23 351419 24 352124 25 352829 27 353534 27 354239 28 354944 29 355649 29 356354 32 357059 37 357764 45 358469 47 359173 48 359878 48 360582 48 361287 47 361992 45 362698 39 363404 36 364118 14
d8bfd1dafdc4,116610 3 117313 8 118017 9 118721 11 119426 11 120131 13 120837 14 121543 14 122249 15 122956 13 123661 13 124367 15 125073 16 125778 17 126484 17 127191 18 127896 19 128603 19 129309 20 130015 22 130722 23 131428 27 132134 33 132841 34 133547 36 134255 39 134963 38 135672 39 136384 36 137094 36 137804 34 138516 38 139226 46 139938 41 140649 37 141362 33 142069 32 142782 23 143499 10 144210 5 144920 2 145624 3
d8bfd1dafdc4,48882 7 49584 12 50288 14 50992 14 51696 14 52400 15 53104 15 53809 14 54513 14 55217 14 55921 14 56625 14 57329 14 58032 14 58736 14 59439 14 60143 13 60847 11 61551 10 62254 11 62958 10 63661 10 64365 9 65069 8 65772 9 66476 8 67179 9 67883 8 68586 9 69289 9 69993 8 70697 8 71400 8 72103 9 72807 8 73510 9 74214 8 74917 9 75620 9 76324 9 77027 9 77730 10 78434 9 79137 10 79840 10 80544 10 81247 11 81950 11 82654 11 83358 11 84061 11 84765 11 85469 11 86172 11 86876 11 87580 11 88284 10 88988 10 89691 11 90395 10 91099 10 91803 9 92507 9 93211 9 93914 9 94618 9 95322 8 96026 8 96730 8 97434 8 98137 8 98841 8 99545 8 100248 8 100952 8 101656 8 102359 9 103063 8 103767 8 104471 8 105174 9 105878 9 106582 9 107285 10 107989 10 108693 10 109396 11 110099 12 110803 12 111506 13 112210 12 112914 12 113617 12 114320 13 115023 13 115726 14 116429 14 117132 15 117835 15 118538 15 119242 15 119950 2 119954 2
d8bfd1dafdc4,153638 9 154339 14 155042 15 155745 16 156448 17 157151 17 157854 17 158557 18 159260 18 159964 17 160667 17 161371 16 162074 17 162778 16 163482 15 164186 14 164890 13 165594 12 166298 11 167003 8
d8bfd1dafdc4,84908 7 85607 14 86309 16 87009 18 87711 18 88412 20 89114 19 89816 19 90518 18 91219 19 91921 19 92623 18 93323 19 94024 20 94725 21 95423 24 96121 27 96819 31 97519 32 98221 29 98923 28 99625 24 100328 21 101030 19 101732 18 102435 16 103137 16 103840 15 104542 14 105245 14 105948 12 106651 12 107354 12 108056 12 108759 11 109462 11 110164 12 110866 13 111569 12 112272 12 112975 12 113678 11 114381 11 115084 11 115786 12 116488 13 117190 14 117893 14 118595 15 119297 16 119996 20 120699 21 121403 19 122106 19 122811 17 123515 15 124224 6
d8bfd1dafdc4,326152 6 326855 9 327558 10 328261 11 328965 11 329668 12 330372 12 331076 13 331780 13 332484 12 333188 12 333892 11 334596 11 335300 11 336004 11 336708 11 337412 9 338117 7 338822 5
d8bfd1dafdc4,262809 14 263512 18 264215 21 264918 23 265621 24 266325 24 267028 25 267732 25 268436 25 269140 25 269844 25 270548 25 271252 25 271956 25 272660 25 273365 24 274070 23 274774 23 275479 22 276184 21 276889 20 277595 18 278301 16 279007 13 279714 9 280419 7 281126 1
d8bfd1dafdc4,9974 1 10678 2 11381 3 12085 3 12789 3 13492 4 14196 5 14899 6 15603 6 16307 6 17011 6 17714 7 18417 8 19120 9 19824 10 20527 11 21230 12 21934 12 22637 13 23341 13 24044 14 24748 14 25451 15 26154 16 26858 17 27561 18 28264 19 28968 19 29671 21 30375 21 31078 22 31781 23 32485 23 33189 23 33892 24 34596 24 35300 24 36003 25 36707 25 37411 25 38114 26 38818 26 39521 27 40225 27 40928 28 41632 28 42335 29 43039 29 43742 30 44445 31 45148 32 45852 32 46555 34 47259 34 47962 35 48665 37 49368 38 50071 39 50775 39 51478 41 52181 42 52884 43 53587 44 54291 44 54995 44 55699 44 56403 10 56414 33 57109 5 57122 28 57814 1 57828 26 58533 25 59239 22 59944 21 60650 13 60665 3 61360 4
d8bfd1dafdc4,123196 3 123899 4 124600 8 125301 11 126004 11 126706 13 127409 13 128110 14 128813 14 129516 13 130219 12 130921 14 131624 14 132327 14 133030 13 133732 13 134435 13 135138 11 135840 12 136543 12 137246 10 137949 9 138651 8 139354 8 140056 9 140758 9 141461 9 142164 8 142867 7 143569 8 144272 8 144974 9 145676 9 146379 9 147080 11 147783 11 148486 11 149189 11 149891 12 150594 12 151296 14 151998 15 152701 16 153404 16 154107 17 154810 17 155514 17 156218 17 156922 17 157626 17 158330 17 159034 17 159738 17 160442 17 161146 18 161850 18 162554 18 163258 19 163963 18 164667 18 165372 18 166077 17 166781 18 167486 18 168190 19 168894 20 169598 21 170302 23 171007 23 171711 24 172416 24 173132 14 173839 13 174545 12 175251 11 175956 11 176662 11 177368 9 178074 8 178780 7 179485 7 180191 6 180896 6 181602 3
d8bfd1dafdc4,49849 10 50551 16 51254 17 51958 18 52662 18 53367 17 54071 17 54775 17 55479 17 56183 17 56887 17 57591 17 57626 5 58294 19 58328 9 58998 19 59031 11 59702 19 59734 13 60405 20 60438 14 61109 20 61141 15 61812 21 61845 15 62515 23 62548 17 63219 25 63252 17 63922 28 63955 18 64626 51 65329 53 66032 54 66735 56 67438 57 68142 58 68845 59 69548 60 70251 62 70955 62 71658 63 72361 64 73065 64 73769 64 74472 65 75177 64 75881 63 76586 62 77291 60 77996 59 78700 58 79404 57 80108 56 80812 55 81516 54 82220 53 82925 51 83629 50 84333 50 85038 48 85742 47 86447 45 87151 44 87855 44 88560 42 89264 41 89969 39 90673 38 91377 37 92081 36 92785 36 93490 34 94194 33 94898 33 95603 31 96307 30 97012 29 97717 27 98421 27 99125 26 99830 25 100534 24 101239 23 101943 22 102648 21 103353 20 104058 18 104762 18 105467 16 106171 16 106878 12 107583 10 108288 8 108992 7 109699 3
d8bfd1dafdc4,266463 1 267159 11 267858 16 268561 16 269265 16 269970 14 270674 14 271378 14 272082 14 272785 15 273488 15 274191 12 274894 11 275597 11 276300 10 277003 10 277706 10 278408 11 279111 11 279814 10 280517 10 281220 10 281923 10 282627 9 283330 9 284033 10 284735 11 285438 11 286140 12 286842 14 287545 14 288207 3 288247 15 288950 15 289652 16 290355 16 291029 2 291059 15 291735 3 291761 17 292440 6 292448 3 292464 17 293145 13 293165 19 293850 36 294555 34 295262 30 295967 26 296673 22 297378 19 298083 14 298790 7
d8bfd1dafdc4,326284 3 326987 6 327691 6 328396 6 329100 7 329805 6 330510 6 331214 6 331919 5 332623 6 333327 6 334032 6 334736 7 334756 3 335440 8 335455 10 336144 25 336848 25 337552 25 338257 23 338961 21 339665 17 340368 14 341072 11 341776 9 342480 7 343183 7 343887 6 344590 7 345293 7 345997 7 346700 7 347404 7 348108 6 348811 7 349515 6 350218 7 350922 6 351625 7 352329 6 353032 7 353736 7 354439 7 355143 7 355847 6 356550 6 357253 7 357957 7 358661 6 359364 7 360067 8 360770 9 361474 8 362177 9 362880 10 363584 9 364287 10 364992 7
d8bfd1dafdc4,248356 1 249059 3 249763 4 250466 6 251170 6 251873 8 252577 8 253280 9 253984 9 254688 9 255392 9 256096 9 256800 9 257504 9 258208 9 258912 9 259616 9 260319 10 261023 9 261727 9 262431 9 263135 9 263839 9 264543 9 265247 9 265951 9 266655 9 267359 9 268063 9 268767 9 269471 9 270175 9 270879 9 271583 9 272287 9 272991 9 273695 9 274399 9 275103 9 275807 9 276511 9 277215 9 277919 9 278623 9 279327 9 280031 9 280735 9 281439 9 282144 8 282848 8 283552 8 284256 8 284960 8 285664 8 286368 8 287072 8 287776 9 288480 9 289184 9 289888 9 290592 9 291296 9 292000 9 292704 9 293408 9 294112 9 294816 9 295520 9 296224 9 296928 9 297632 9 298336 9 299039 10 299743 10 300447 10 301151 10 301855 10 302559 10 303263 10 303967 10 304671 10 305375 10 306079 10 306783 10 307487 10 308191 10 308895 10 309599 10 310303 10 311007 10 311711 10 312415 10 313119 10 313823 10 314527 10 315231 10 315935 10 316639 10 317343 10 318047 10 318751 10 319455 10 320159 10 320863 10 321567 10 322271 10 322975 10 323679 10 324383 10 325087 10 325791 10 326494 11 327198 11 327902 11 328606 11 329310 12 330014 12 330718 12 331421 13 332124 14 332827 15 333530 17 334232 19 334935 20 335638 22 336340 24 337042 26 337740 2 337745 28 338442 35 339141 2 339146 35 339845 3 339850 36 340548 4 340554 36 341252 4 341258 37 341955 5 341962 5 341969 11 341982 17 342657 8 342666 4 342675 1 342688 16 343360 8 343371 2 343393 15 344068 2 344099 13 344805 11 345509 11 346214 11 346918 11 347623 10 348327 11 349032 11 349737 11 350442 10 351147 10 351852 10 352556 10 353261 9 353965 10 354670 9 355375 9 356079 9 356784 8 357489 8 358193 9 358899 7 359603 8 360308 7 361012 7 361716 8 362421 7 363125 7 363830 7 364535 6 365239 5 365944 2
d8bfd1dafdc4,301609 2 301615 1 302312 10 303016 14 303715 1 303720 16 304413 1 304419 2 304423 22 305117 37 305821 38 306525 39 307229 41 307933 43 308637 44 309341 44 310045 45 310750 44 311455 11 311470 29 312159 11 312185 1 312190 13 312864 10 312894 13 313568 10 313598 13 314272 11 314302 13 314977 13 315003 16 315682 14 315703 19 316387 39 317091 39 317795 38 318499 38 319203 37 319907 37 320611 36 321314 37 322018 37 322722 37 323425 38 324129 12 324154 12 324832 9 324863 7 325536 8 325569 3 326239 8 326942 8 327646 7 328349 8 329052 8 329756 7 330459 7 331162 8 331865 8 332569 7 333271 8 333975 7 334678 7 335381 7 336084 8 336787 8 337490 7 338193 8 338896 8 339599 8 340302 8 341005 8 341708 9 342411 9 343114 9 343817 9 344520 9 345223 9 345926 10 346629 10 347332 10 348035 10 348737 11 349440 11 350142 12 350843 14 351547 12 352251 9 352955 8
d8bfd1dafdc4,345179 6 345880 12 346583 17 347286 20 347989 22 348693 23 349396 25 350100 26 350803 27 351507 27 352211 27 352915 27 353618 6 353632 15 354322 5 354339 12 355026 4 355044 12 355729 4 355750 10 356433 3 356456 9 357137 3 357161 9 357866 9 358571 8 359276 8 359981 8 360685 9 361390 8 362095 7 362800 7 363505 6 364210 6 364915 5 365621 1
d8bfd1dafdc4,136186 16 136889 18 137591 21 138294 22 138995 26 139696 30 140395 36 141098 38 141801 39 142504 41 143208 42 143912 42 144617 42 145322 42 146027 41 146732 42 147440 39 148146 39 148851 39 149557 37 150263 37 150968 37 151674 36 152381 34 153086 34 153792 33 154497 33 155202 34 155908 38 156614 39 157320 39 158026 38 158734 35 159440 33 160146 32 160852 30 161557 29 162262 30 162967 30 163672 29 164377 29 165082 28 165786 29 166491 29 167196 28 167901 27 168605 28 169310 27 170014 28 170719 27 171424 26 172128 26 172832 27 173537 26 174241 26 174946 26 175650 26 176354 26 177059 26 177763 26 178467 26 179172 26 179876 26 180581 25 181286 24 181991 24 182696 23 183402 21 184107 20 184812 19 185518 17 186223 16 186928 15 187633 14 188338 13 189043 12 189748 11 190453 10 191157 10 191862 9 192566 9 193273 5
d8bfd1dafdc4,290065 4 290769 4 291472 6 292175 7 292878 7 293582 7 294285 8 294988 9 295691 10 296395 10 297099 10 297802 11 298505 12 299209 12 299912 12 300616 12 301319 13 302023 13 302727 13 303430 14 304134 14 304838 13 305542 13 306246 13 306950 13 307654 13 308358 12 309062 12 309767 10 310473 7
d8bfd1dafdc4,123199 1 123903 1 126015 1 126719 1 128124 1 129529 1 130231 1 137958 1 138650 1 138659 3 139353 1 139362 2 140055 1 140065 2 140767 3 141460 1 141470 2 142163 1 142172 2 142865 2 142874 3 143568 1 143577 2 144271 1 144280 2 144983 2 145685 2 146388 2 147091 2 147794 2 148497 2 149200 1 149903 1 150606 1
d8bfd1dafdc4,288023 4 288726 6 289430 6 290133 7 290837 7 291539 8 292241 10 292945 9 293649 8 294352 8 295056 7 295759 7 296437 2 296463 6 297133 11 297167 6 297836 12 297870 6 298537 15 298574 5 299236 21 299277 6 299941 19 299981 5 300646 18 300685 5 301348 20 301387 7 302040 32 302091 6 302743 33 302794 6 303447 33 303498 6 304150 34 304202 5 304853 34 304905 6 305557 34 305608 7 306260 35 306312 7 306964 31 307016 6 307667 32 307719 7 308370 33 308421 9 309074 33 309124 12 309777 35 309827 14 310480 36 310531 14 311183 36 311234 14 311887 38 311936 18 312591 39 312639 20 313295 40 313340 24 313999 69 314703 69 315407 69 316111 70 316815 70 317519 70 318223 70 318927 69 319632 68 320337 66 321041 66 321746 64 322451 63 323156 61 323860 61 324565 60 325270 58 325975 56 326681 54 327387 51 328094 47 328800 44 329506 41 330213 36 330918 34 331623 30 332329 26
